-- phpMyAdmin SQL Dump
-- version 5.2.1
-- https://www.phpmyadmin.net/
--
-- Hôte : localhost:8889
-- Généré le : mer. 19 fév. 2025 à 19:47
-- Version du serveur : 8.0.35
-- Version de PHP : 8.2.20

SET SQL_MODE = "NO_AUTO_VALUE_ON_ZERO";
START TRANSACTION;
SET time_zone = "+00:00";


/*!40101 SET @OLD_CHARACTER_SET_CLIENT=@@CHARACTER_SET_CLIENT */;
/*!40101 SET @OLD_CHARACTER_SET_RESULTS=@@CHARACTER_SET_RESULTS */;
/*!40101 SET @OLD_COLLATION_CONNECTION=@@COLLATION_CONNECTION */;
/*!40101 SET NAMES utf8mb4 */;

--
-- Base de données : `ecoride`
--

-- --------------------------------------------------------

--
-- Structure de la table `avis`
--

CREATE TABLE `avis` (
  `avis_id` int NOT NULL,
  `commentaire` varchar(50) NOT NULL,
  `note` varchar(50) NOT NULL,
  `statut` varchar(50) NOT NULL,
  `id_utilisateur` int NOT NULL,
  `id_covoiturage` int NOT NULL
) ENGINE=InnoDB DEFAULT CHARSET=utf8mb3;

--
-- Déchargement des données de la table `avis`
--

INSERT INTO `avis` (`avis_id`, `commentaire`, `note`, `statut`, `id_utilisateur`, `id_covoiturage`) VALUES
(1, 'test', '5', 'reserve', 1, 6),
(2, 'Test', '2', 'reserve', 1, 1);

-- --------------------------------------------------------

--
-- Structure de la table `configuration`
--

CREATE TABLE `configuration` (
  `id_configuration` int NOT NULL
) ENGINE=InnoDB DEFAULT CHARSET=utf8mb3;

-- --------------------------------------------------------

--
-- Structure de la table `covoiturage`
--

CREATE TABLE `covoiturage` (
  `covoiturage_id` int NOT NULL,
  `date_depart` varchar(50) NOT NULL,
  `heure_depart` varchar(50) NOT NULL,
  `lieu_depart` varchar(50) NOT NULL,
  `date_arrivee` varchar(50) NOT NULL,
  `heure_arrivee` varchar(50) NOT NULL,
  `lieu_arrivee` varchar(50) NOT NULL,
  `statut` varchar(50) NOT NULL,
  `nb_place` varchar(2) NOT NULL,
  `prix_personne` varchar(10) NOT NULL,
  `id_utilisateur` int DEFAULT NULL
) ENGINE=InnoDB DEFAULT CHARSET=utf8mb3;

--
-- Déchargement des données de la table `covoiturage`
--

INSERT INTO `covoiturage` (`covoiturage_id`, `date_depart`, `heure_depart`, `lieu_depart`, `date_arrivee`, `heure_arrivee`, `lieu_arrivee`, `statut`, `nb_place`, `prix_personne`, `id_utilisateur`) VALUES
(1, '2025-02-20', '14:00', 'paris', '2025-02-20', '16:00', 'dijon', 'ec', '3', '10', 2),
(2, '2025-02-25', '11:00', 'strasbourg', '2025-02-25', '12:00', 'colmar', 'complet', '0', '5', 1),
(3, '2025-04-22', '16:00', 'lyon', '2025-04-22', '19:00', 'paris', 'ec', '2', '12', 2),
(4, '2025-03-13', '10:00', 'Nice', '2025-03-13', '13:00', 'Marseille', 'ec', '2', '11', 2),
(5, '2025-02-28', '14:00', 'lyon', '2025-02-28', '18:00', 'paris', 'ec', '1', '10', 2),
(6, '2025-02-23', '18:00', 'lille', '2025-02-23', '19:00', 'dunkerque', 'ec', '2', '10', 1);

-- --------------------------------------------------------

--
-- Structure de la table `marque`
--

CREATE TABLE `marque` (
  `marque_id` int NOT NULL,
  `libelle` varchar(50) NOT NULL,
  `id_voiture` int NOT NULL
) ENGINE=InnoDB DEFAULT CHARSET=utf8mb3;

-- --------------------------------------------------------

--
-- Structure de la table `parametre`
--

CREATE TABLE `parametre` (
  `parametre_id` int NOT NULL,
  `propriete` varchar(50) NOT NULL,
  `valeur` varchar(50) NOT NULL
) ENGINE=InnoDB DEFAULT CHARSET=utf8mb3;

-- --------------------------------------------------------

--
-- Structure de la table `role`
--

CREATE TABLE `role` (
  `role_id` int NOT NULL,
  `libelle` varchar(50) NOT NULL,
  `id_utilisateur` int NOT NULL
) ENGINE=InnoDB DEFAULT CHARSET=utf8mb3;

--
-- Déchargement des données de la table `role`
--

INSERT INTO `role` (`role_id`, `libelle`, `id_utilisateur`) VALUES
(1, 'administrateur', 1),
(2, 'employe', 3);

-- --------------------------------------------------------

--
-- Structure de la table `utilisateur`
--

CREATE TABLE `utilisateur` (
  `utilisateur_id` int NOT NULL,
  `nom` varchar(50) DEFAULT NULL,
  `prenom` varchar(50) DEFAULT NULL,
  `email` varchar(50) NOT NULL,
  `password` varchar(50) NOT NULL,
  `telephone` varchar(50) DEFAULT NULL,
  `adresse` varchar(50) DEFAULT NULL,
  `date_naissance` varchar(50) DEFAULT NULL,
  `photo` blob,
  `pseudo` varchar(50) DEFAULT NULL
) ENGINE=InnoDB DEFAULT CHARSET=utf8mb3;

--
-- Déchargement des données de la table `utilisateur`
--

INSERT INTO `utilisateur` (`utilisateur_id`, `nom`, `prenom`, `email`, `password`, `telephone`, `adresse`, `date_naissance`, `photo`, `pseudo`) VALUES
(1, 'meyer', 'wendy', 'wendy@gmail.com', '1', '0645859620', '20 grand\'rue', '2000-12-20', 0xffd8ffe000104a46494600010101006000600000ffdb0043000a07070907060a0908090b0b0a0c0f19100f0e0e0f1e161712192420262523202322282d3930282a362b2223324432363b3d4040402630464b453e4a393f403dffdb0043010b0b0b0f0d0f1d10101d3d2923293d3d3d3d3d3d3d3d3d3d3d3d3d3d3d3d3d3d3d3d3d3d3d3d3d3d3d3d3d3d3d3d3d3d3d3d3d3d3d3d3d3d3d3d3d3d3d3d3d3dffc000110800b4014003012200021101031101ffc4001f0000010501010101010100000000000000000102030405060708090a0bffc400b5100002010303020403050504040000017d01020300041105122131410613516107227114328191a1082342b1c11552d1f02433627282090a161718191a25262728292a3435363738393a434445464748494a535455565758595a636465666768696a737475767778797a838485868788898a92939495969798999aa2a3a4a5a6a7a8a9aab2b3b4b5b6b7b8b9bac2c3c4c5c6c7c8c9cad2d3d4d5d6d7d8d9dae1e2e3e4e5e6e7e8e9eaf1f2f3f4f5f6f7f8f9faffc4001f0100030101010101010101010000000000000102030405060708090a0bffc400b51100020102040403040705040400010277000102031104052131061241510761711322328108144291a1b1c109233352f0156272d10a162434e125f11718191a262728292a35363738393a434445464748494a535455565758595a636465666768696a737475767778797a82838485868788898a92939495969798999aa2a3a4a5a6a7a8a9aab2b3b4b5b6b7b8b9bac2c3c4c5c6c7c8c9cad2d3d4d5d6d7d8d9dae2e3e4e5e6e7e8e9eaf2f3f4f5f6f7f8f9faffda000c03010002110311003f00f65a4a5a4a0028a28a0028a28a0028a28a0028a28a0028a28a0028a28a0028a2aaea3a95ae936325ddf4cb0c118f999bf901dcfb0a06936ec8b3deb1b58f16e8da1314bebe8d661ff2c53e77fc874fc6bccfc4bf11b52d6a47b7d2fccb2b33c7c8712c83fda61f77e83f335caa5996c991b04f240e4d652a896c7bb84c8ea555cd55dbc8f48bef8bf6c8c56c34b9651d9e69427e801fe759adf17f52c9dba6d981e85dcd71c2ce21d771fa9a5fb245fdd3f9d47b567b11c8a825f0fe2ceead7e30c9902f348523fbd14f8fd08feb5d6f87fc6fa4f88a410db4af0dd633e44c02b1f5c763f8578ab5947fc2cc3f5a8a36b8d36ea1b981f6c913878dc7661c8a71aa73e2722a7cbee2b33e91140af016f17f88e794ca756bdc939f95f0bf90e2b6b45f8a3abd848a9a885bf8070db804900f661c1fc47e35a7b447913c9b1118dd599eca28aa1a3eb567aee9e979a7ca2489b8208c32377561d8d5fab3c9945c5d985145140828a28a0028a28a0028a28a0028a28a0028a28a002969296800a4a28a0028a28a0028a28a0028a28a0028a28a0028a28a0028a2b92f1a7c40b0f09c460005d6a6cb94b653c2e7f89cff0008f6ea7f500d2b9d25fea369a5da3dd5fdcc76f02f5791b033e83d4fb0e6bc4bc51e23baf176a864cb45630922088f61fde23fbc7f4e9f5c4b9d6354f14ea46f755b8695812234e91c43bed5e83d3d4f726ae2a8450aa300561527d11f5792658adedea7c86c712c4308303bd3f1451581f52925b052d25140c2919432e18023d0d2d148560e9d38fa532589255c38fc7bd3e9b236c8d9b1d298a495b5d8bfe13f104be14d7124766365310970a39caff7b1eabfcb22bdbecafed752b54b9b1b88ee20907cb246c181af9fdd1678b19ebc8354f4df106a9e13d54dce977063121ccb0b731cbeccbfd460fbd6f4e7d19f279ee012b5787ccfa528ae5bc1de3cd3fc5d6fb1316da846bba5b576c9c7f794ff0012ff002ef5d4d6e7cbdac145145001451450014514500145145001451450014b49450014514500145145001451450014514500145145001474a2b98f1df8be2f08e886650af7d3e52d623d0b7763fecae73efc0ef406e65fc43f8829e1884d869acb26ad2ae79e56d94f4661dd8f65fc4f1c1f26f0ff0087afbc597977793cb22d9dbee9afafe4f988c0c9009fbce476edde9de18f0e5ff8efc45246d349b4b79b7b76dc9507ff00666ec3f1e82bd53c7115a786bc0d6fa2e9912c115c48b0aa2f5d83e6724f7271c9ef9a86f4b9d54297b4a91a51ddb3cc6ce058611e5a90a79504e481d81ab14838e3b52d723773f48a7054e0a0b6414514c92558865ce3dbb9a0b6d25763fad3438624039c75c5575692e8ff00722f6ef5642aaa8551803b50f4223272d56c28a6a387195e99a82ea7d8be5a9f98f5f6a9204f2e1507ea69db412a979f2a17ce5f34c7fc54f6019483d08c566bc84cc641d73915a4adb8061d08cd0d588a5539ee8a96f2989cc4fc73c13dab474dd3f4fd435686d75443f66bb3e41954e1e173f71d4fd700e78c1e6b3ef21c9f307e34b6f30917ca909ce300d56cee8e7ad495584b0f3ebb0cf11786b56f026b711695d70fbed2f61f94363f930eebfcc57adfc3ef881178aadbec97a522d5615cba8e1665fefa8fe63b7d2ae6966cbc75e0c5b7d5104db97ca9c7465917f8c1ec7a107debc5fc41a1ea5e04f13222cce9244de759dda0c6f51d0e3d7b32ff00435d09db547c0d4a7284dd39ee8fa481cd15ce7827c5b0f8bb435b950b1ddc44477508fe07c751fec9ea3f2ed5d1d59ce14514500145145001451450014514500145145002d251450014514500145145001451450014514500473cf15adbcb3cee238a242eeedd1540c93f957ce1e24d6af7c71e2c32dbc6cef7120b7b283fba99f947b679627dcf615e97f193c426c343874781f135f9dd2e3a8897a8fc5b03e80d63fc18f0d09a7b9f10dca64444dbdae477fe371ffa0ffdf552f576348e8ae7a1f84bc336fe14d0a1b0830f27df9e6c60cb21eadf4ec076005711f14af77ebd676e4e52dadcbe3fda76ff000515ea75e1fe34bb5d47c75a83c6dba2858463eaaa01fd735353e13d4c8e1cd8b52ec65282065ba9eb4ea2a2961f37869182fa0ae53eedde2b4d48e6bc54c88fe66f5ec2a38edde66df31383ebd4d588e08a2e42f3ead4d92ea34ce0963ed4fd0c651bfbd51fc898000000600ec2a09ae826563e5bd7b0a895ae2fe75b7b68de491fa471296635dc786fe1ced64bad742b6395b45391ff000323afd071ef5518dce4c5e634e8c74673361a04b268b3eb178192d9484b707acd213d7fdd0327dcd54ba9364240eadc5765e3ed5a392ea2d3612a21b319936f4de4703f01c7e26b89b6b4b9d6b528ed6ce2324b21c28eca3b927b01dcd36b5b19e1ab4a387756a68e5afa2feb52ef86bc393f88a6ba48b2160859b77ac98f917f13fcaaa5a3e50a370c87a1ed5ec5a06890f87f4a8ece03b987cd2c98c191cf53fe1ec0579ff8f7443a4eb4351b74c5ade31240e8b27561f8f51f8fa554a3a1c382cc79b12e2f67b1884673dc1acf9e130be47ddea0d5f460e8197a1a1e3122156e86b24ec7d055a6aa46e8eb3e176b262d6a4b276c2dd274ff006d7907f119fcabbaf19785a0f16683259bed5b94fde5b4c47fab93b7e07a1f6fa578b68b78da47882cae738f26742df4cf3fa57d11c115d34f6b1f159e53e5aeaa756b5f55ff0002c7ce1e13f105d7827c5625b8478e34736f7d09ebb41c1e3d54f23f1f5afa3a29126892489c3a3a8656539041e84578efc64f0d0b5bf835eb74c47724437381c79807cadf8818ff00808f5ae87e0ef884ea5e1c7d2e77dd3e9a42a13d4c2df77f2c15fc0552d343c896ab98f43a28a2a8cc28a28a0028a28a0028a28a00296928a0028a28a0028a28a0028a28a0028a28a0028a2a96b37e34bd12faf8e3fd1adde519ee55491401f3ff00c42d5a4d7fc717cf066411c82cedd41ce769dbc7d58b1fc6bdebc39a347e1ff0f58e9916316d104247f137566fc5893f8d782fc39d38eade3ed2d251b842ed75213ea8323ff1e22be8dc54c7b973ec53d56f469ba55dde9c7fa3c2f260f7206457cf966ccef2492125db9627b93c9af6df1fc862f03ea6cbd4a2afe05d41fe75e1914c6257da3e66e87d2b3abae87d270fa8c54aa3effa17a495221f3b60f61deab497ac41f2c003d4d411a497132c71a3cb2c870a8a37331f615dc7817c2424bdb9bbd5adce6d24f25209471e600092477c6462b351b9ec62b1feca2dfe1d4e22efcd82d63babb0f1c129223770407c75dbebd473458a4d3c8928d1b54bcb5ea4dbc4cbb87b36d22bdcaef4ad3ef2e22bcbdb4b6965b553e5c93282225ea4f3c0e9d6b1ae3e23f862de7311d4da520e0bc303ba0ff81639fc2b45047ced6cd2b4f45a7e637c19a9f876e6d9adf458459dd22e67b59976cebee73cb0e7aff2ab1e2bf155bf876cf624a86fe51fba8f20941fdf23f90ee6b4f4ed46c359b75bdd3e786e63395f353a8f5073c8fa1a9cd9dbb4de735bc266ff009e8631bbf3eb55e872539ae752a9ef7ea792e99e18d63c492f99e535bdb31dc6e270403ea40eac7f4f7aec1eebc3df0e2c44597b8bf9c02218f0f7139ec48fe15f4fd326bb0c5422d6de2b892ec43024c57f793ed01b681ddbae00f7a518a46f8ac6d5c46eec8e09fe285fc1992e7c237d15b7f7cb38207d4a62ba0b1d5347f883e1eb88adddbcb3f2489201e640fd54f1c7b823af23d6a37f893e188ee8c1fda6ed83832a40e63ffbeb1c8f7c62b6ec20d3cab5e69d1daedba01ccd6eaa04a3b12475ea6a8e38b69dd33c56eeda7d17529ecee47cf0b6d603a1f423ea39ab08c1d4329c835d9fc43f0f4fa85d585d69f6cf3dcc9ba1915072401b949fc323f2ae0212f6b70d0cca51836d656182a47ad61389f6397e355482bb1d7f1663de3a81835f41e91726f347b2b92799add243f8a835e092aef89c1eea6bdbbc23bbfe110d27775fb247ff00a0d5d16797c490494243fc53a32f883c357fa6b01ba688f964f671ca9fcc0af0cf86babb68be3ab2f30948ee89b3981edbbeefe4e07eb5f44d7cdde3eb16d13c75aa2c1f2959c5d45818c6ec38c7d093f956b2ee7ccc354d1f488a2ab69b78ba8e976b791fdcb885255fa3007fad59aa330a28a2800a28a2800a28a2800a28a28016928a2800a28a2800a28a2800a28a2800ae4fe285c1b7f87baa1070d204887fc09d41fd335d65709f1898af81180fe2ba881fcc9fe949ec38ee71ff00046d449e26d4aebfe78da2c63fe06f9ffd92bdaebc8fe05a032ebcfdff0070bf87ce6bd7288ec39ee6178d6d9aefc1daa44a32de41703fdd21bfa578175afa5e44496368e450c8e0ab03dc1eb5f3bebba549a26b575a7ca0e6172149fe25eaa7f118a8a8ba9ef649555a54dfa9d2fc30b68e5d6eee7700bc300099edb9b93f90fd6bd312358cb95182edbdbdc9effa578ff827585d1fc45134ee12dee0793231e8b93c1fc081f99af6147471947571eaac08fd2947627328c956bbea71bf12ee6e1b4fd374b8e6fb259ea37423bcbc61f2431823018f400e73ce33b7d335caea7e03d4f51bb5b3d1bc3d05ae9f6f705175037237dcc471890966f9b8f9b2a3be074c57ae1652cd1e54f1f32e41e0fa8a8167ff004f36ab6f2845883f9db408f39c6d1ef5479ae0dbb9c3e8d613f813c6775a6dad95edf69baa188db4c83223c1218b9e9f28273dc803d6bd06a09649d2e2048e00d1316f35cc9b4c600e30b8e727f2a9e829479500e4819c66b90d52e27f17c773a643a7dfc56968647ba494793f6d64c88a057247cac46e623a0c0cf39aebff001a8639657b9963680a449b764a5c1126473c75183c7340a51e63caaf7c11a95dea915d6bda4d8e89a4416e44f2698411900ed210166662c541e3902b6fe1145a8c3a35f2de452c7686656b712a95c923e7c03db38fc73ef5dd5a5ca5dc426884a8ac481e621461838e87e94db5b97ba5919e09a12b234604b8cb007ef0f63da81469b8939af1ff001f44b0f8caf82606ed8e71ea5066bd6af2fad34e81a7beb88e185016259b0481e83a93f4af10d6f536d6359bbbf65da6790b05f45e8a3f000544cf5b2b8cbda39f4b13c6ad3c68a832f200a07b9e07f3af7eb0b55b1d3edad53eec112c63e8001fd2bc6fc13a61d47c49611119483f7f27d1791fae057b651456ecae23ad79d3a5d95fefff00860af10f8d56a22f16da4e0604d6633ee55d87f222bdbebc7fe38a817da2be39314c0fe69fe35a4b63e7a1f11dc7c34ba377f0f3477639290988ff00c018aff4aea2b89f842c4fc3db407a09a603fefe1aedaa912f70a28a2810514514005145140052d251400b494514005145140051451400514514005711f17a2327806e1bfe794f0bff00e3e07f5aedb35caf8d24b7d77c0dafdbdac81e4b68dc48bd0abc643e3ff1dfc6932a29bd51c57c0d9717bae45dda381ff22e3fad7ad5cdcc3690b4d712ac71af5663815e1df072f45bf8dde066e2eecdd00f5652187e9babb4f1a4f72fadb43312208d41897b608e5beb9c8adb0b47db4d46f639330c4fd560ea5ae6e4fe3ab08e50b1433cc99c17002fe40f26b1fc7de1e4f1268d0eb5a58f32e218f2401ccb175c63d4727f31e95ccb3aa9405802e76afb9c67f90aebfc3fe21b6d1fc31712de336db79b6a22f2ce5b9007e39fd6bb31983a74e9f347a6e71e4b9ae2678b51b6af656fc0f1b078af44f8577798352b2ff9e6e93a8f66054feaa2b8cd72586eb549eeed6d45ac3331610ab6e087bf3fad5ef02ea634cf17da89182c578ad6ac49e03120a7fe3c31f8d78d17a9fa2e63093c3de4acd58f5a7b45437335a2c30ddce9833326ec9030a48ef8f4a963490db2a4ae1a429b5dd06dc9c6091e95254577796da7dac9757b711dbdbc78df24870ab93819fc4d6a7cf393ea2da5b0b5b58add19dc46a14348db98fd49ea6b94bcf897a5596ae6da5b6bd3641cc46fd633e59907de5552012077239f6c57576b710dfc026b29a3b988f478583afe62a2d5f4bb3d4ec1adb57b78a5b63c959ced00fa827183ee2825bbeb739c8be2369b7dae5be9ba45a5f6a22423cd9e18885841e32548c903b9e3db35d69f4acbd16c344d1e036ba30b18558e5962995998fa93924fe35a8e3646d2484246a0b33b9c2a81d493d85009f72bcd6ed2ddc138b899161dd9895b0926463e61df1da9561985ec9335cbb42c81560c0da847520f5c9aced1fc57a37882ea6b7d2af0dc4b02ee71e53a8c6719048c56c052c428efc516294b43cbfe285df9be20b4b40722ded4311e8cec4ff2515c84081e501bee8e49f6ab9e22d51759f136a77c8730c9394888fee27c8bf9819fc6ace8b2a6997705ccb6d1dcec60e62933b49edd3d2b19bd4fa7cb69cbeaf1b2be97ff00807a8780742fec6d225bfbd1e5cf72371ddc79718e403efdcfe15661f1dd93cec9241347167e59386e3d48ea3f5aa7a978b2d757f0ab3da31496671149131f9a3ee7ea081d7deb90fe55ece07070a94f9a5f23f37cff0035c4d3c634d5a5d53fc17dc7adda5edbdf4225b6992543dd4ff9c5791fc6f9b76afa443dd2de47fcd80ffd96b5fc306eff00b76dd6c8b0cb03363a797df3fd3deb91f8c17c2e7c73247daceda388e3d7973ffa10ae5c5d05465ca9dce8cb716f150e76ad63d23e124463f875a7b1ff00968f338fa191bfc2bb3ae67c28f6fe1ff056816b77208e49618a354c72d238ce31f535d2e6b147634f7ee2d14839a5a090a28a2800a28a2800a5a4a28016928a2800a28a2800a28a2800a28a280398bef19dbe9be2a6d2af50456e23522e33d1cf3cfb631cd733e2779fc3de267d52c8a4d61a927ef141cc72f1865247e60fbfd69bf1374c921d5a0d45549867411b37a3af6fc47f235c50242ed04e339c76ae79cda763ec32dcba8d4a70ad07a35692e8ff00cb53374369fc37e27d3b51d8cd05bdc29665e7f767e56cff00c049af7cf106889ae5a2b42ca278f98a4ea08f43ec6bc56a48ae67806229e58c7fb0e47f23554b112a72525b99637862962138c6564fa357353c45a56a303dbac76eeb796d3891626e3cc078201eff00feba35ab59e286212413c6725f0e8471d338352e85ac5cdbc93489397b950543c84bb22b7719e878ab124b2cf2b49348f237767624e3dc9afa0845e2e8b6f45248fceaa54fec2cc9457bce949dba5d35ff00074394ba23ecedbbbf4acc910c9195562add5581c1047208fc6adea11ac57f3c68db911c81cf4f6aac4e0649007a9af9d71706e2fa1fabbad1c5d2552da492fb99ec5e0af13af89b45579580bfb7c47751f4f9bb381e8d8cfd722b76e6de1bcb692dee6249a0954ac91b8cab03d88af1cb5d2b5ef0de9c9e2fb44f2238e458da39011e746c71961fdc2703d7a11d2bd3bc33e29b0f1458f9d66db2741fbeb673f3c47faafa30fd0d689dcf92a91509b85ef6395d5bc11e19f0d2a5dcda96b9a6c1733795e65acd94889048dff293b4e303ad5ab4f843a1eae82e97c437f7f0b7491258df3ff02c1aed6e2da1bcb692dee6249609576bc6e32ac3d08af3dd47e10406e5a5d1f5492cd18e7ca950bedfa3020e3eb9fad330941f46685e7c17f0dd9c0d3cfab5f5b42832d24b242147d49418ae4f44f07e9de26f104d0695717eda058e166b99a4f9ae9faed40000a3f0ce39ea456b5bfc1d324cada96b924a83aac30e18ff00c0989c7e55e83a5e9569a2e9f1d969f088a08fa28e4927a927a927d6808c1f5174dd2ec748b45b5d3ad62b6817f8235c64fa93d49f73583e3ef128d0342782de41fda57ea62b75079453c349f80e07b9f6abbe29f14d9f8574f135c7ef2ea507ecf6c0e1a43ea7d14773f9735c2dbf84f55f16786ee3c5b753b4fa8dcc85a181471e42e570a3b1c8e07a0ee4d06b0e594e3093b26ce3e341146a8bd1462b5a39165da14825b8007527d2b32b4344543aac5bfa90767bb63ffd759c29fb59a8df73eaeb62fea3869d58abf2a6ede88e9f45f0f6a335bdc4d6d024c547dd0f8391ce31d4f5ed54fc35a46ab75753fda50c97f7520dc99f96355e3923a0193fa77abc8ef148af196475390ca7041fad54d6b539dee5646b9905d49f3332b6d257a738c7a57d05487d529f34768ecbcdf7ee7e5786a93cfb1fc95349547ef34ba25d3b2d177f53d5f47d22df41d3cae416c6f9a66e3760727d80f4af9ef5269bc47e22bcd4248dd6deeae5a4258e0f97bb803fe0200ad996e679c6259e5907fb6e4ff3a8ebe7ea62253777b9fa3e138669d1494a574ba2563b6f0f4f75e28f1526a97c562b0d386e452711c5fdd504f7ee4fb0f6ae9ed7c696fa878ae2d2ac5566b7647dd700f5703385f518079af2227236e4edeb8ed5d8fc34d31ee35b975023f736a8501f576edf80cfe62a61377b1ae6597518539d69bd231b4576edeaeecf5214b48296ba4f8e0a28a2800a28a2800a5a4a2800a28a2800a28a2800a28a2800a28a28032bc436d25de8d3c51d9c37a4e0fd9e562a2400f201ecde87d6bc5f506b44ba68ede2b8b76524490dcb02c8de9d01fcc57be11597ac78674ad7940d4ace395c0c0907cae3e8c39acea4398f5b2cccfea4da92ba7e7fa6c78699517aba8fc6a092f40c88f93ea6bd426f845a43b9315edf46a7f8772b7f315c57c43f054de148adeeb4f9649ac24fddcaee0178e4ed9207dd3dbdc63b8acbd935b9eecb8828c969f910f84344d535ad53360a042389e7941f2d47a7bb7a01fcaa4f1769d716d3ca1669ee6deda70b25a85da1d14f2703927be09aea7e13f8ce3bfb14d02f9956f2dd4fd9db81e7463b7fbcbfa8e7b1ab9e35b1fb36ac972830b709927fda1c1fd315eae01f32745bd1edea7c171057f695162e30575a7aafebaf4396834ad2b54bd8e5d49ee6185c0cbc2429e7a16041af43d1fc0be1ed2cc7716f66b3ca30c934cc653ec46781f502b82eb5de781a4b87d22412ee302c9880b7a639c7b66ba31f85825ed56fd4e0ca736c44d7d56526e2b6f25d8c3f89de22d32e3c27aee930dda1bfb630f9903655b9746c8cfdee0f38ce3bd7383c0b749a3693af785676b6d505a452490ab604a4a024a93c027ba9f95bdab9cf88714da878d7c43736b0bc905aba2cd228c88fe55419ff0081022bd16d7c5ba4e83e04d1ef6e6669124b78e18e384067765501c0048c6d20e73fd6bc87b9f4304922a7877e255b5dcbf60f10c634cd4633b199c158d9bdf3ca1f63c7a1aee07cc81d4ee46190c39047b1ef5cfeabe1fd0fc6ba6c1753462412c61a0bb8be590291c73dc7b1cd720df0dfc45a43b0f0ef8876c24e76991e03f8edca9fd291a6a8f500848270703a9ec2b8bf127c48b1d2dfec5a2a8d575373b112205e356f4e3973fecafe245628f875e27d5c84d7fc484c1de34964989fc1b0bfcebb1f0f784348f0cc64e9d6f9b8230d7329dd2b0f4cf61ec302986ace33fe104bebed2f56d7bc553bcfaabda49243006e2260a482c471918e14703dcf4ebfc05ac69fa77867c39a2dcdcac7a85dd9f9d0c241cb292cd9ce303be3d7069d2f8b344935eb9d02e2e96399232b2c92e161c91f326e27a8079fc7b8af33b7d5a2bbf899a56a36913c5a4c37d158da3107688d1420504fb3063fef534ec6538a7b1eade25f06f87af927d42fa16b6751ba49addb616fa8e849fa66bcf24b3d3ec6dee9d63716fb18b176dcfb31d3231fa57a5f8cecaeef34d88daab3a44e5e48d7a918e0e3be39af3eeb5ebe5f87a6e2ea69cdf91f3b9c6658a4d61f99a869d77ff86323c2b657d736d01b8bcb956b8611c48e7708d4900360f53de8f15786b53f0f6a05af4b4f1c8dfbbbb5076bfb1fee9f6fcabadf0c41f69f11da0232118cadff00011c7eb8a67c58f1aadadb3f87b4f901b9980fb5c83fe59a1e427fbc7bfa0fad73e6105051a57d91e970ee36509cf11cabde7dba7933818af4749473fde15604d1b7475fceb5be1e781e4f155a4f7fa8cd343623f776ed1801a5707e63923ee8e9ee73e95d9c5f08b4857065bdbe917fbbb957ff0065af2bd9367ddc33fa297bd7fb8f3fb16b47ba54b98ee2e0b602436cc03c87d3a13f90af67f0d5a4b67a2c314b6305891922de262db01e80b1eadea7d69746f0be93a003fd9b651c4e461a539676fab1e7f0ad5c5694e9f29e1e6799fd71a51564bcff004d8052d145687921451450014514500145145002d251450014514500145145001451450014514500155b50b1b7d4ec67b2bd8566b79d0a488dd0835668a00f9c3c59e16bff0003eba9b2497c9dfe6595daf078e473d9c77f5ebdebd27c31e2ab2f885a5ae97aa38b7d5e21b86dc012e3aba67dbaaf6fa576face8b65afe993586a30896097b742a7b303d88f5af02f15f83753f056a0b36f91ed3cccdb5ec79521bb0247dd7fe7dbd2929383e689528c6ac5c267b3da781f4e81c3dc3cb7247f0be02fe43ad5af10f882d7c31a62b6c325cb8f2ed2ce15cc93be385551ce3a64f6ae17c19f17229563b1f13b08e51c2df01846ff00ae807dd3fed0e3e95ea3198a6549a328eacb9475c1041f43e95a4eb4eabbc9dcc2961a9d0d211b1e77a3f87e4f0ef83357bad79524d575c626e53a81bf384cfa8dccc7dfe95cdf863e17c3ac7dbde7bc90c51c4c96f81b71291c163dc0e0e38ce6bb9f1569dab6a9ac471416ecd6eaa046e08d809fbc5bd3fc056c18e1f0b7865c4672d121f98f5790f7fcff004ae8f654d518ade527f71c6b115de22527754e2bef3c7344f1b6ade1ad266f0dc365e66a693b436a7ef18989e542ff0019ce76f6e7bd763e02f1a26ab6834cd62e366af03b47fbf3b4ce013ebfc63a11d78cd49e0fd3c5e78892e19037d9d4c8ce47393c0e7f127f0ae63e232d8ebbe377d3f4bb4822b98066f6f00397618e08070719033d49f61ce55f0ce9d454e2eeceac2660ab5275a6b9523bdf1578aacfc2ba7c92dc3c6f7857f716a5be673eac3a851d493f85705a57c4cd67438246f105acb76f7518b9b292502304374edcc7dc63918c77e39c9acc787b57b5d4354823d5ed0be6449b3fbcc763cf271c8ce41ee2bd7bc67656dab68961a9451473c0a1594b2023638054e0f4edf9d4c6849d4f652d19a55c74551f6f4fde479d58f81a6d67c192f886fe5912eeeeefcd47c67311ce58affb4e73f403d6ba487c330ebff0f1f43d3c2c57fa74bf68b66240691b93927d4e48cf63b6ba9f07dc45a868b3e9b3804464aed3dd1bfc0e7f4aa163a16a9a3f892136f0b49087c1981015a33d777be3b7a8aea5429c633a72d24b67dcf3658bad29d3af0bb83dd7666df83fc427c41a3a9b98da0d4ad8886f6ddc6d68e403ae3d0f51ff00d6ab9a8786f4dd458bcd6c1653d648ced6fc71d7f1abeef0dbc724f2b471a2ae5e46214003b93e82bcb3c69f16d42c961e177dcc7e57be2381ebe583d7fde3c7a67ad71466e1ac5d8f4e74a3555a4ae8b1e2af10e9be01f3ad7457373adcc9b4bc8c185aa9ee4631b8f65fa13c601e13c1be11bdf1c6b6e667945923efbdbb639662792a0f773dcf6ce7d015f07f81f51f1a5e19d9e5874e0e4cf7adcb39cf2a99fbcc7b9e83be4f15efda4e9167a1e9d0d869d02c36d0ae1557f524f727b9a5294aa3e6932a108518f2535644f6769058da436b6b12c5042a12345e8aa3a0a9a8a2800a28a2800a28a2800a28a2800a28a2800a5a4a2800a29692800a28a2800a28a2800a28a2800a28a2800a28a2800a86e6d60bcb692deea18e68245daf1c8a19587a106a6a2803c7bc5df07a5859eefc307cc8fa9b291fe65ff718f5fa37e66b8ed0fc59aff82eedadade4921546fde58dd21da0f7f94f2bf518fc6be92acad6fc33a4f88e0116ab630dc607cae461d3e8c391f9d4f2f62d4fa338fd0be31e8f7c163d5a1974e98f57ff0059113f51c8fc47e35d55d0d3bc5da498ecb508a64c875920757da7dc03efd2bcfb5af825202d2685a9823b4178bffb3aff0051f8d7177be05f14e892991b49bbcaf49ad0f99f8829cfe94e32941dd133a70a91717b33df344d1a2d12d0c31b192476dd248460b1ff0001e95e4be2dd0757f0d78c6ff5786c26bed3ef5da4df0a96dbb8e4ab6325483d0e30457310f8dfc4fa4c8233acea1132ff0005c12d8fc2406b413e2df8a5473aac0ffef5bc7fd00aaf6d3e7e7bea4ac2c153f656f77b0f6b2d67c732c361a6e953c106fcbcf3a9089c63258803804f0324d7b9db693043a1c3a51cbdbc56eb6fcf52aaa003f5e2bc25fe2df8a587fc85a04ff76de2fea0d67cde34f13eaf2796358d46666fe0b62467f08c0a275a53973cb7153c2c2953f6505647b559e99a7783ee25bdd475786257428826658f8ce7d793c76ac3d77e32e93641a3d1e097509bb48c0c710fc4fcc7f01f8d79b58f80fc55ad4a244d26e94b1e66bc6f2ff1f98ee3f9576ba2fc1124ac9af6a791de0b318cfd5db9fc80a2a559d597348746852a11e486c70fad78a75ff1a5f25bcf24d705db3158daa1d80fb20eb8f56cfd45769e12f83af2325e78a582a0f996c627ce7feba30ffd057f3ed5e97a2f86f4af0edbf93a4d9436ca7ef328cbbffbcc793f89ad4a851ee68e7d111dbdbc36b6e905bc491431a8548e350aaa07600741525145510145145001451450014514500145145001451450014514b400514514005145140051451400514514005145140051451400514514005145140062931451400c9618e74d93469229ecea08fd6a949e1ed1e5399349b073ead6c87fa51450011f87b4788e63d2ac10faadb20fe957638638536c48a8be8a303f4a28a007e2968a2800a28a2800a28a2800a28a2800a28a2800a28a2800a28a2800a28a2800a28a2803ffd9, 'wendy22'),
(2, NULL, 'clara', 'wen@gmail.com', '2', NULL, NULL, NULL, NULL, 'clara12'),
(3, 'smithers', 'florian', 'smithers@gmail.com', '222', '0478253621', '10 rue principal', '1996-11-02', NULL, 'flo1');

-- --------------------------------------------------------

--
-- Structure de la table `voiture`
--

CREATE TABLE `voiture` (
  `voiture_id` int NOT NULL,
  `modele` varchar(50) NOT NULL,
  `immatriculation` varchar(50) NOT NULL,
  `energie` varchar(50) NOT NULL,
  `couleur` varchar(50) NOT NULL,
  `date_premiere_immatriculation` varchar(50) NOT NULL,
  `id_utilisateur` int NOT NULL
) ENGINE=InnoDB DEFAULT CHARSET=utf8mb3;

--
-- Déchargement des données de la table `voiture`
--

INSERT INTO `voiture` (`voiture_id`, `modele`, `immatriculation`, `energie`, `couleur`, `date_premiere_immatriculation`, `id_utilisateur`) VALUES
(1, 'Mercedes GLA', 'fr-102-yt', 'diesel', 'gris', '2022-12-25', 1),
(2, 'Peugeot', 'jt-202-jt', 'diesel', 'rouge', '2021-06-02', 2);

--
-- Index pour les tables déchargées
--

--
-- Index pour la table `avis`
--
ALTER TABLE `avis`
  ADD PRIMARY KEY (`avis_id`);

--
-- Index pour la table `configuration`
--
ALTER TABLE `configuration`
  ADD PRIMARY KEY (`id_configuration`);

--
-- Index pour la table `covoiturage`
--
ALTER TABLE `covoiturage`
  ADD PRIMARY KEY (`covoiturage_id`);

--
-- Index pour la table `marque`
--
ALTER TABLE `marque`
  ADD PRIMARY KEY (`marque_id`),
  ADD KEY `id_voiture` (`id_voiture`);

--
-- Index pour la table `parametre`
--
ALTER TABLE `parametre`
  ADD PRIMARY KEY (`parametre_id`);

--
-- Index pour la table `role`
--
ALTER TABLE `role`
  ADD PRIMARY KEY (`role_id`);

--
-- Index pour la table `utilisateur`
--
ALTER TABLE `utilisateur`
  ADD PRIMARY KEY (`utilisateur_id`);

--
-- Index pour la table `voiture`
--
ALTER TABLE `voiture`
  ADD PRIMARY KEY (`voiture_id`),
  ADD KEY `id_utlisateur` (`id_utilisateur`);

--
-- AUTO_INCREMENT pour les tables déchargées
--

--
-- AUTO_INCREMENT pour la table `avis`
--
ALTER TABLE `avis`
  MODIFY `avis_id` int NOT NULL AUTO_INCREMENT, AUTO_INCREMENT=5;

--
-- AUTO_INCREMENT pour la table `configuration`
--
ALTER TABLE `configuration`
  MODIFY `id_configuration` int NOT NULL AUTO_INCREMENT;

--
-- AUTO_INCREMENT pour la table `covoiturage`
--
ALTER TABLE `covoiturage`
  MODIFY `covoiturage_id` int NOT NULL AUTO_INCREMENT, AUTO_INCREMENT=7;

--
-- AUTO_INCREMENT pour la table `marque`
--
ALTER TABLE `marque`
  MODIFY `marque_id` int NOT NULL AUTO_INCREMENT;

--
-- AUTO_INCREMENT pour la table `parametre`
--
ALTER TABLE `parametre`
  MODIFY `parametre_id` int NOT NULL AUTO_INCREMENT;

--
-- AUTO_INCREMENT pour la table `role`
--
ALTER TABLE `role`
  MODIFY `role_id` int NOT NULL AUTO_INCREMENT, AUTO_INCREMENT=3;

--
-- AUTO_INCREMENT pour la table `utilisateur`
--
ALTER TABLE `utilisateur`
  MODIFY `utilisateur_id` int NOT NULL AUTO_INCREMENT, AUTO_INCREMENT=5;

--
-- AUTO_INCREMENT pour la table `voiture`
--
ALTER TABLE `voiture`
  MODIFY `voiture_id` int NOT NULL AUTO_INCREMENT, AUTO_INCREMENT=3;

--
-- Contraintes pour les tables déchargées
--

--
-- Contraintes pour la table `marque`
--
ALTER TABLE `marque`
  ADD CONSTRAINT `marque_ibfk_1` FOREIGN KEY (`id_voiture`) REFERENCES `voiture` (`voiture_id`) ON DELETE CASCADE;

--
-- Contraintes pour la table `voiture`
--
ALTER TABLE `voiture`
  ADD CONSTRAINT `voiture_ibfk_1` FOREIGN KEY (`id_utilisateur`) REFERENCES `utilisateur` (`utilisateur_id`) ON DELETE CASCADE;
COMMIT;

/*!40101 SET CHARACTER_SET_CLIENT=@OLD_CHARACTER_SET_CLIENT */;
/*!40101 SET CHARACTER_SET_RESULTS=@OLD_CHARACTER_SET_RESULTS */;
/*!40101 SET COLLATION_CONNECTION=@OLD_COLLATION_CONNECTION */;
